,state_x,state_y,move_dir,throw_dir,Action,move_x,move_y,throw_dir_2,u,v
0,-10,-10,1,none,MOVE,1,1,-1000,0.1,0.1
1,-10,-9,1,none,MOVE,1,1,-1000,0.1,0.1
2,-10,-8,1,none,MOVE,1,1,-1000,0.1,0.1
3,-10,-7,1,none,MOVE,1,1,-1000,0.1,0.1
4,-10,-6,1,none,MOVE,1,1,-1000,0.1,0.1
5,-10,-6,2,none,MOVE,1,0,-1000,0.1,0.0
6,-10,-5,1,none,MOVE,1,1,-1000,0.1,0.1
7,-10,-5,2,none,MOVE,1,0,-1000,0.1,0.0
8,-10,-5,3,none,MOVE,1,-1,-1000,0.1,-0.1
9,-10,-4,1,none,MOVE,1,1,-1000,0.1,0.1
10,-10,-4,2,none,MOVE,1,0,-1000,0.1,0.0
11,-10,-4,3,none,MOVE,1,-1,-1000,0.1,-0.1
12,-10,-3,1,none,MOVE,1,1,-1000,0.1,0.1
13,-10,-3,2,none,MOVE,1,0,-1000,0.1,0.0
14,-10,-3,3,none,MOVE,1,-1,-1000,0.1,-0.1
15,-10,-2,1,none,MOVE,1,1,-1000,0.1,0.1
16,-10,-2,2,none,MOVE,1,0,-1000,0.1,0.0
17,-10,-2,3,none,MOVE,1,-1,-1000,0.1,-0.1
18,-10,-1,1,none,MOVE,1,1,-1000,0.1,0.1
19,-10,-1,2,none,MOVE,1,0,-1000,0.1,0.0
20,-10,-1,3,none,MOVE,1,-1,-1000,0.1,-0.1
21,-10,0,1,none,MOVE,1,1,-1000,0.1,0.1
22,-10,0,2,none,MOVE,1,0,-1000,0.1,0.0
23,-10,0,3,none,MOVE,1,-1,-1000,0.1,-0.1
24,-10,1,1,none,MOVE,1,1,-1000,0.1,0.1
25,-10,1,2,none,MOVE,1,0,-1000,0.1,0.0
26,-10,1,3,none,MOVE,1,-1,-1000,0.1,-0.1
27,-10,2,1,none,MOVE,1,1,-1000,0.1,0.1
28,-10,2,2,none,MOVE,1,0,-1000,0.1,0.0
29,-10,2,3,none,MOVE,1,-1,-1000,0.1,-0.1
30,-10,3,1,none,MOVE,1,1,-1000,0.1,0.1
31,-10,3,2,none,MOVE,1,0,-1000,0.1,0.0
32,-10,3,3,none,MOVE,1,-1,-1000,0.1,-0.1
33,-10,4,1,none,MOVE,1,1,-1000,0.1,0.1
34,-10,4,2,none,MOVE,1,0,-1000,0.1,0.0
35,-10,4,3,none,MOVE,1,-1,-1000,0.1,-0.1
36,-10,5,1,none,MOVE,1,1,-1000,0.1,0.1
37,-10,5,2,none,MOVE,1,0,-1000,0.1,0.0
38,-10,5,3,none,MOVE,1,-1,-1000,0.1,-0.1
39,-10,6,2,none,MOVE,1,0,-1000,0.1,0.0
40,-10,6,3,none,MOVE,1,-1,-1000,0.1,-0.1
41,-10,7,3,none,MOVE,1,-1,-1000,0.1,-0.1
42,-10,8,3,none,MOVE,1,-1,-1000,0.1,-0.1
43,-10,9,3,none,MOVE,1,-1,-1000,0.1,-0.1
44,-10,10,3,none,MOVE,1,-1,-1000,0.1,-0.1
45,-9,-10,1,none,MOVE,1,1,-1000,0.1,0.1
46,-9,-9,1,none,MOVE,1,1,-1000,0.1,0.1
47,-9,-8,1,none,MOVE,1,1,-1000,0.1,0.1
48,-9,-7,1,none,MOVE,1,1,-1000,0.1,0.1
49,-9,-6,1,none,MOVE,1,1,-1000,0.1,0.1
50,-9,-5,1,none,MOVE,1,1,-1000,0.1,0.1
51,-9,-5,2,none,MOVE,1,0,-1000,0.1,0.0
52,-9,-4,1,none,MOVE,1,1,-1000,0.1,0.1
53,-9,-4,2,none,MOVE,1,0,-1000,0.1,0.0
54,-9,-4,3,none,MOVE,1,-1,-1000,0.1,-0.1
55,-9,-3,1,none,MOVE,1,1,-1000,0.1,0.1
56,-9,-3,2,none,MOVE,1,0,-1000,0.1,0.0
57,-9,-3,3,none,MOVE,1,-1,-1000,0.1,-0.1
58,-9,-2,1,none,MOVE,1,1,-1000,0.1,0.1
59,-9,-2,2,none,MOVE,1,0,-1000,0.1,0.0
60,-9,-2,3,none,MOVE,1,-1,-1000,0.1,-0.1
61,-9,-1,1,none,MOVE,1,1,-1000,0.1,0.1
62,-9,-1,2,none,MOVE,1,0,-1000,0.1,0.0
63,-9,-1,3,none,MOVE,1,-1,-1000,0.1,-0.1
64,-9,0,1,none,MOVE,1,1,-1000,0.1,0.1
65,-9,0,2,none,MOVE,1,0,-1000,0.1,0.0
66,-9,0,3,none,MOVE,1,-1,-1000,0.1,-0.1
67,-9,1,1,none,MOVE,1,1,-1000,0.1,0.1
68,-9,1,2,none,MOVE,1,0,-1000,0.1,0.0
69,-9,1,3,none,MOVE,1,-1,-1000,0.1,-0.1
70,-9,2,1,none,MOVE,1,1,-1000,0.1,0.1
71,-9,2,2,none,MOVE,1,0,-1000,0.1,0.0
72,-9,2,3,none,MOVE,1,-1,-1000,0.1,-0.1
73,-9,3,1,none,MOVE,1,1,-1000,0.1,0.1
74,-9,3,2,none,MOVE,1,0,-1000,0.1,0.0
75,-9,3,3,none,MOVE,1,-1,-1000,0.1,-0.1
76,-9,4,1,none,MOVE,1,1,-1000,0.1,0.1
77,-9,4,2,none,MOVE,1,0,-1000,0.1,0.0
78,-9,4,3,none,MOVE,1,-1,-1000,0.1,-0.1
79,-9,5,2,none,MOVE,1,0,-1000,0.1,0.0
80,-9,5,3,none,MOVE,1,-1,-1000,0.1,-0.1
81,-9,6,3,none,MOVE,1,-1,-1000,0.1,-0.1
82,-9,7,3,none,MOVE,1,-1,-1000,0.1,-0.1
83,-9,8,3,none,MOVE,1,-1,-1000,0.1,-0.1
84,-9,9,3,none,MOVE,1,-1,-1000,0.1,-0.1
85,-9,10,3,none,MOVE,1,-1,-1000,0.1,-0.1
86,-8,-10,1,none,MOVE,1,1,-1000,0.1,0.1
87,-8,-9,1,none,MOVE,1,1,-1000,0.1,0.1
88,-8,-8,1,none,MOVE,1,1,-1000,0.1,0.1
89,-8,-7,1,none,MOVE,1,1,-1000,0.1,0.1
90,-8,-6,1,none,MOVE,1,1,-1000,0.1,0.1
91,-8,-5,1,none,MOVE,1,1,-1000,0.1,0.1
92,-8,-4,1,none,MOVE,1,1,-1000,0.1,0.1
93,-8,-4,2,none,MOVE,1,0,-1000,0.1,0.0
94,-8,-3,1,none,MOVE,1,1,-1000,0.1,0.1
95,-8,-3,2,none,MOVE,1,0,-1000,0.1,0.0
96,-8,-3,3,none,MOVE,1,-1,-1000,0.1,-0.1
97,-8,-2,1,none,MOVE,1,1,-1000,0.1,0.1
98,-8,-2,2,none,MOVE,1,0,-1000,0.1,0.0
99,-8,-2,3,none,MOVE,1,-1,-1000,0.1,-0.1
100,-8,-1,1,none,MOVE,1,1,-1000,0.1,0.1
101,-8,-1,2,none,MOVE,1,0,-1000,0.1,0.0
102,-8,-1,3,none,MOVE,1,-1,-1000,0.1,-0.1
103,-8,0,1,none,MOVE,1,1,-1000,0.1,0.1
104,-8,0,2,none,MOVE,1,0,-1000,0.1,0.0
105,-8,0,3,none,MOVE,1,-1,-1000,0.1,-0.1
106,-8,1,1,none,MOVE,1,1,-1000,0.1,0.1
107,-8,1,2,none,MOVE,1,0,-1000,0.1,0.0
108,-8,1,3,none,MOVE,1,-1,-1000,0.1,-0.1
109,-8,2,1,none,MOVE,1,1,-1000,0.1,0.1
110,-8,2,2,none,MOVE,1,0,-1000,0.1,0.0
111,-8,2,3,none,MOVE,1,-1,-1000,0.1,-0.1
112,-8,3,1,none,MOVE,1,1,-1000,0.1,0.1
113,-8,3,2,none,MOVE,1,0,-1000,0.1,0.0
114,-8,3,3,none,MOVE,1,-1,-1000,0.1,-0.1
115,-8,4,2,none,MOVE,1,0,-1000,0.1,0.0
116,-8,4,3,none,MOVE,1,-1,-1000,0.1,-0.1
117,-8,5,3,none,MOVE,1,-1,-1000,0.1,-0.1
118,-8,6,3,none,MOVE,1,-1,-1000,0.1,-0.1
119,-8,7,3,none,MOVE,1,-1,-1000,0.1,-0.1
120,-8,8,3,none,MOVE,1,-1,-1000,0.1,-0.1
121,-8,9,3,none,MOVE,1,-1,-1000,0.1,-0.1
122,-8,10,3,none,MOVE,1,-1,-1000,0.1,-0.1
123,-7,-10,1,none,MOVE,1,1,-1000,0.1,0.1
124,-7,-9,1,none,MOVE,1,1,-1000,0.1,0.1
125,-7,-8,1,none,MOVE,1,1,-1000,0.1,0.1
126,-7,-7,1,none,MOVE,1,1,-1000,0.1,0.1
127,-7,-6,1,none,MOVE,1,1,-1000,0.1,0.1
128,-7,-5,1,none,MOVE,1,1,-1000,0.1,0.1
129,-7,-4,1,none,MOVE,1,1,-1000,0.1,0.1
130,-7,-3,1,none,MOVE,1,1,-1000,0.1,0.1
131,-7,-3,2,none,MOVE,1,0,-1000,0.1,0.0
132,-7,-2,1,none,MOVE,1,1,-1000,0.1,0.1
133,-7,-2,2,none,MOVE,1,0,-1000,0.1,0.0
134,-7,-2,3,none,MOVE,1,-1,-1000,0.1,-0.1
135,-7,-1,1,none,MOVE,1,1,-1000,0.1,0.1
136,-7,-1,2,none,MOVE,1,0,-1000,0.1,0.0
137,-7,-1,3,none,MOVE,1,-1,-1000,0.1,-0.1
138,-7,0,1,none,MOVE,1,1,-1000,0.1,0.1
139,-7,0,2,none,MOVE,1,0,-1000,0.1,0.0
140,-7,0,3,none,MOVE,1,-1,-1000,0.1,-0.1
141,-7,1,1,none,MOVE,1,1,-1000,0.1,0.1
142,-7,1,2,none,MOVE,1,0,-1000,0.1,0.0
143,-7,1,3,none,MOVE,1,-1,-1000,0.1,-0.1
144,-7,2,1,none,MOVE,1,1,-1000,0.1,0.1
145,-7,2,2,none,MOVE,1,0,-1000,0.1,0.0
146,-7,2,3,none,MOVE,1,-1,-1000,0.1,-0.1
147,-7,3,2,none,MOVE,1,0,-1000,0.1,0.0
148,-7,3,3,none,MOVE,1,-1,-1000,0.1,-0.1
149,-7,4,3,none,MOVE,1,-1,-1000,0.1,-0.1
150,-7,5,3,none,MOVE,1,-1,-1000,0.1,-0.1
151,-7,6,3,none,MOVE,1,-1,-1000,0.1,-0.1
152,-7,7,3,none,MOVE,1,-1,-1000,0.1,-0.1
153,-7,8,3,none,MOVE,1,-1,-1000,0.1,-0.1
154,-7,9,3,none,MOVE,1,-1,-1000,0.1,-0.1
155,-7,10,3,none,MOVE,1,-1,-1000,0.1,-0.1
156,-6,-10,0,none,MOVE,0,1,-1000,0.0,0.1
157,-6,-10,1,none,MOVE,1,1,-1000,0.1,0.1
158,-6,-9,1,none,MOVE,1,1,-1000,0.1,0.1
159,-6,-8,1,none,MOVE,1,1,-1000,0.1,0.1
160,-6,-7,1,none,MOVE,1,1,-1000,0.1,0.1
161,-6,-6,1,none,MOVE,1,1,-1000,0.1,0.1
162,-6,-5,1,none,MOVE,1,1,-1000,0.1,0.1
163,-6,-4,1,none,MOVE,1,1,-1000,0.1,0.1
164,-6,-3,1,none,MOVE,1,1,-1000,0.1,0.1
165,-6,-2,1,none,MOVE,1,1,-1000,0.1,0.1
166,-6,-2,2,none,MOVE,1,0,-1000,0.1,0.0
167,-6,-1,1,none,MOVE,1,1,-1000,0.1,0.1
168,-6,-1,2,none,MOVE,1,0,-1000,0.1,0.0
169,-6,-1,3,none,MOVE,1,-1,-1000,0.1,-0.1
170,-6,0,1,none,MOVE,1,1,-1000,0.1,0.1
171,-6,0,2,none,MOVE,1,0,-1000,0.1,0.0
172,-6,0,3,none,MOVE,1,-1,-1000,0.1,-0.1
173,-6,1,1,none,MOVE,1,1,-1000,0.1,0.1
174,-6,1,2,none,MOVE,1,0,-1000,0.1,0.0
175,-6,1,3,none,MOVE,1,-1,-1000,0.1,-0.1
176,-6,2,2,none,MOVE,1,0,-1000,0.1,0.0
177,-6,2,3,none,MOVE,1,-1,-1000,0.1,-0.1
178,-6,3,3,none,MOVE,1,-1,-1000,0.1,-0.1
179,-6,4,3,none,MOVE,1,-1,-1000,0.1,-0.1
180,-6,5,3,none,MOVE,1,-1,-1000,0.1,-0.1
181,-6,6,3,none,MOVE,1,-1,-1000,0.1,-0.1
182,-6,7,3,none,MOVE,1,-1,-1000,0.1,-0.1
183,-6,8,3,none,MOVE,1,-1,-1000,0.1,-0.1
184,-6,9,3,none,MOVE,1,-1,-1000,0.1,-0.1
185,-6,10,3,none,MOVE,1,-1,-1000,0.1,-0.1
186,-6,10,4,none,MOVE,0,-1,-1000,0.0,-0.1
187,-5,-10,0,none,MOVE,0,1,-1000,0.0,0.1
188,-5,-10,1,none,MOVE,1,1,-1000,0.1,0.1
189,-5,-10,7,none,MOVE,-1,1,-1000,-0.1,0.1
190,-5,-9,0,none,MOVE,0,1,-1000,0.0,0.1
191,-5,-9,1,none,MOVE,1,1,-1000,0.1,0.1
192,-5,-8,1,none,MOVE,1,1,-1000,0.1,0.1
193,-5,-7,1,none,MOVE,1,1,-1000,0.1,0.1
194,-5,-6,1,none,MOVE,1,1,-1000,0.1,0.1
195,-5,-5,1,none,MOVE,1,1,-1000,0.1,0.1
196,-5,-4,1,none,MOVE,1,1,-1000,0.1,0.1
197,-5,-3,1,none,MOVE,1,1,-1000,0.1,0.1
198,-5,-2,1,none,MOVE,1,1,-1000,0.1,0.1
199,-5,-1,1,none,MOVE,1,1,-1000,0.1,0.1
200,-5,-1,2,none,MOVE,1,0,-1000,0.1,0.0
201,-5,0,1,none,MOVE,1,1,-1000,0.1,0.1
202,-5,0,2,none,MOVE,1,0,-1000,0.1,0.0
203,-5,0,3,none,MOVE,1,-1,-1000,0.1,-0.1
204,-5,1,2,none,MOVE,1,0,-1000,0.1,0.0
205,-5,1,3,none,MOVE,1,-1,-1000,0.1,-0.1
206,-5,2,3,none,MOVE,1,-1,-1000,0.1,-0.1
207,-5,3,3,none,MOVE,1,-1,-1000,0.1,-0.1
208,-5,4,3,none,MOVE,1,-1,-1000,0.1,-0.1
209,-5,5,3,none,MOVE,1,-1,-1000,0.1,-0.1
210,-5,6,3,none,MOVE,1,-1,-1000,0.1,-0.1
211,-5,7,3,none,MOVE,1,-1,-1000,0.1,-0.1
212,-5,8,3,none,MOVE,1,-1,-1000,0.1,-0.1
213,-5,9,3,none,MOVE,1,-1,-1000,0.1,-0.1
214,-5,9,4,none,MOVE,0,-1,-1000,0.0,-0.1
215,-5,10,3,none,MOVE,1,-1,-1000,0.1,-0.1
216,-5,10,4,none,MOVE,0,-1,-1000,0.0,-0.1
217,-5,10,5,none,MOVE,-1,-1,-1000,-0.1,-0.1
218,-4,-10,0,none,MOVE,0,1,-1000,0.0,0.1
219,-4,-10,1,none,MOVE,1,1,-1000,0.1,0.1
220,-4,-10,7,none,MOVE,-1,1,-1000,-0.1,0.1
221,-4,-9,0,none,MOVE,0,1,-1000,0.0,0.1
222,-4,-9,1,none,MOVE,1,1,-1000,0.1,0.1
223,-4,-9,7,none,MOVE,-1,1,-1000,-0.1,0.1
224,-4,-8,0,none,MOVE,0,1,-1000,0.0,0.1
225,-4,-8,1,none,MOVE,1,1,-1000,0.1,0.1
226,-4,-7,1,none,MOVE,1,1,-1000,0.1,0.1
227,-4,-6,1,none,MOVE,1,1,-1000,0.1,0.1
228,-4,-5,1,none,MOVE,1,1,-1000,0.1,0.1
229,-4,-4,1,none,MOVE,1,1,-1000,0.1,0.1
230,-4,-3,1,none,MOVE,1,1,-1000,0.1,0.1
231,-4,-2,1,none,MOVE,1,1,-1000,0.1,0.1
232,-4,-1,1,none,MOVE,1,1,-1000,0.1,0.1
233,-4,0,2,none,MOVE,1,0,-1000,0.1,0.0
234,-4,1,3,none,MOVE,1,-1,-1000,0.1,-0.1
235,-4,2,3,none,MOVE,1,-1,-1000,0.1,-0.1
236,-4,3,3,none,MOVE,1,-1,-1000,0.1,-0.1
237,-4,4,3,none,MOVE,1,-1,-1000,0.1,-0.1
238,-4,5,3,none,MOVE,1,-1,-1000,0.1,-0.1
239,-4,6,3,none,MOVE,1,-1,-1000,0.1,-0.1
240,-4,7,3,none,MOVE,1,-1,-1000,0.1,-0.1
241,-4,8,3,none,MOVE,1,-1,-1000,0.1,-0.1
242,-4,8,4,none,MOVE,0,-1,-1000,0.0,-0.1
243,-4,9,3,none,MOVE,1,-1,-1000,0.1,-0.1
244,-4,9,4,none,MOVE,0,-1,-1000,0.0,-0.1
245,-4,9,5,none,MOVE,-1,-1,-1000,-0.1,-0.1
246,-4,10,3,none,MOVE,1,-1,-1000,0.1,-0.1
247,-4,10,4,none,MOVE,0,-1,-1000,0.0,-0.1
248,-4,10,5,none,MOVE,-1,-1,-1000,-0.1,-0.1
249,-3,-10,0,none,MOVE,0,1,-1000,0.0,0.1
250,-3,-10,1,none,MOVE,1,1,-1000,0.1,0.1
251,-3,-10,7,none,MOVE,-1,1,-1000,-0.1,0.1
252,-3,-9,0,none,MOVE,0,1,-1000,0.0,0.1
253,-3,-9,1,none,MOVE,1,1,-1000,0.1,0.1
254,-3,-9,7,none,MOVE,-1,1,-1000,-0.1,0.1
255,-3,-8,0,none,MOVE,0,1,-1000,0.0,0.1
256,-3,-8,1,none,MOVE,1,1,-1000,0.1,0.1
257,-3,-8,7,none,MOVE,-1,1,-1000,-0.1,0.1
258,-3,-7,0,none,MOVE,0,1,-1000,0.0,0.1
259,-3,-7,1,none,MOVE,1,1,-1000,0.1,0.1
260,-3,-6,1,none,MOVE,1,1,-1000,0.1,0.1
261,-3,-5,1,none,MOVE,1,1,-1000,0.1,0.1
262,-3,-4,1,none,MOVE,1,1,-1000,0.1,0.1
263,-3,-3,1,none,MOVE,1,1,-1000,0.1,0.1
264,-3,-2,1,none,MOVE,1,1,-1000,0.1,0.1
265,-3,-1,1,none,MOVE,1,1,-1000,0.1,0.1
266,-3,0,none,90,THROW,-1000,-1000,90,0.1,0.0
267,-3,1,3,none,MOVE,1,-1,-1000,0.1,-0.1
268,-3,2,3,none,MOVE,1,-1,-1000,0.1,-0.1
269,-3,3,3,none,MOVE,1,-1,-1000,0.1,-0.1
270,-3,4,3,none,MOVE,1,-1,-1000,0.1,-0.1
271,-3,5,3,none,MOVE,1,-1,-1000,0.1,-0.1
272,-3,6,3,none,MOVE,1,-1,-1000,0.1,-0.1
273,-3,7,3,none,MOVE,1,-1,-1000,0.1,-0.1
274,-3,7,4,none,MOVE,0,-1,-1000,0.0,-0.1
275,-3,8,3,none,MOVE,1,-1,-1000,0.1,-0.1
276,-3,8,4,none,MOVE,0,-1,-1000,0.0,-0.1
277,-3,8,5,none,MOVE,-1,-1,-1000,-0.1,-0.1
278,-3,9,3,none,MOVE,1,-1,-1000,0.1,-0.1
279,-3,9,4,none,MOVE,0,-1,-1000,0.0,-0.1
280,-3,9,5,none,MOVE,-1,-1,-1000,-0.1,-0.1
281,-3,10,3,none,MOVE,1,-1,-1000,0.1,-0.1
282,-3,10,4,none,MOVE,0,-1,-1000,0.0,-0.1
283,-3,10,5,none,MOVE,-1,-1,-1000,-0.1,-0.1
284,-2,-10,0,none,MOVE,0,1,-1000,0.0,0.1
285,-2,-10,1,none,MOVE,1,1,-1000,0.1,0.1
286,-2,-10,7,none,MOVE,-1,1,-1000,-0.1,0.1
287,-2,-9,0,none,MOVE,0,1,-1000,0.0,0.1
288,-2,-9,1,none,MOVE,1,1,-1000,0.1,0.1
289,-2,-9,7,none,MOVE,-1,1,-1000,-0.1,0.1
290,-2,-8,0,none,MOVE,0,1,-1000,0.0,0.1
291,-2,-8,1,none,MOVE,1,1,-1000,0.1,0.1
292,-2,-8,7,none,MOVE,-1,1,-1000,-0.1,0.1
293,-2,-7,0,none,MOVE,0,1,-1000,0.0,0.1
294,-2,-7,1,none,MOVE,1,1,-1000,0.1,0.1
295,-2,-7,7,none,MOVE,-1,1,-1000,-0.1,0.1
296,-2,-6,0,none,MOVE,0,1,-1000,0.0,0.1
297,-2,-6,1,none,MOVE,1,1,-1000,0.1,0.1
298,-2,-5,1,none,MOVE,1,1,-1000,0.1,0.1
299,-2,-4,1,none,MOVE,1,1,-1000,0.1,0.1
300,-2,-3,1,none,MOVE,1,1,-1000,0.1,0.1
301,-2,-2,1,none,MOVE,1,1,-1000,0.1,0.1
302,-2,-1,1,none,MOVE,1,1,-1000,0.1,0.1
303,-2,0,none,90,THROW,-1000,-1000,90,0.1,0.0
304,-2,1,3,none,MOVE,1,-1,-1000,0.1,-0.1
305,-2,2,3,none,MOVE,1,-1,-1000,0.1,-0.1
306,-2,3,3,none,MOVE,1,-1,-1000,0.1,-0.1
307,-2,4,3,none,MOVE,1,-1,-1000,0.1,-0.1
308,-2,5,3,none,MOVE,1,-1,-1000,0.1,-0.1
309,-2,6,3,none,MOVE,1,-1,-1000,0.1,-0.1
310,-2,6,4,none,MOVE,0,-1,-1000,0.0,-0.1
311,-2,7,3,none,MOVE,1,-1,-1000,0.1,-0.1
312,-2,7,4,none,MOVE,0,-1,-1000,0.0,-0.1
313,-2,7,5,none,MOVE,-1,-1,-1000,-0.1,-0.1
314,-2,8,3,none,MOVE,1,-1,-1000,0.1,-0.1
315,-2,8,4,none,MOVE,0,-1,-1000,0.0,-0.1
316,-2,8,5,none,MOVE,-1,-1,-1000,-0.1,-0.1
317,-2,9,3,none,MOVE,1,-1,-1000,0.1,-0.1
318,-2,9,4,none,MOVE,0,-1,-1000,0.0,-0.1
319,-2,9,5,none,MOVE,-1,-1,-1000,-0.1,-0.1
320,-2,10,3,none,MOVE,1,-1,-1000,0.1,-0.1
321,-2,10,4,none,MOVE,0,-1,-1000,0.0,-0.1
322,-2,10,5,none,MOVE,-1,-1,-1000,-0.1,-0.1
323,-1,-10,0,none,MOVE,0,1,-1000,0.0,0.1
324,-1,-10,1,none,MOVE,1,1,-1000,0.1,0.1
325,-1,-10,7,none,MOVE,-1,1,-1000,-0.1,0.1
326,-1,-9,0,none,MOVE,0,1,-1000,0.0,0.1
327,-1,-9,1,none,MOVE,1,1,-1000,0.1,0.1
328,-1,-9,7,none,MOVE,-1,1,-1000,-0.1,0.1
329,-1,-8,0,none,MOVE,0,1,-1000,0.0,0.1
330,-1,-8,1,none,MOVE,1,1,-1000,0.1,0.1
331,-1,-8,7,none,MOVE,-1,1,-1000,-0.1,0.1
332,-1,-7,0,none,MOVE,0,1,-1000,0.0,0.1
333,-1,-7,1,none,MOVE,1,1,-1000,0.1,0.1
334,-1,-7,7,none,MOVE,-1,1,-1000,-0.1,0.1
335,-1,-6,0,none,MOVE,0,1,-1000,0.0,0.1
336,-1,-6,1,none,MOVE,1,1,-1000,0.1,0.1
337,-1,-6,7,none,MOVE,-1,1,-1000,-0.1,0.1
338,-1,-5,0,none,MOVE,0,1,-1000,0.0,0.1
339,-1,-5,1,none,MOVE,1,1,-1000,0.1,0.1
340,-1,-4,1,none,MOVE,1,1,-1000,0.1,0.1
341,-1,-3,1,none,MOVE,1,1,-1000,0.1,0.1
342,-1,-2,1,none,MOVE,1,1,-1000,0.1,0.1
343,-1,-1,none,45,THROW,-1000,-1000,45,0.1,0.10000000000000002
344,-1,-1,1,45,MOVE,1,1,45,0.1,0.1
345,-1,0,none,90,THROW,-1000,-1000,90,0.1,0.0
346,-1,1,none,135,THROW,-1000,-1000,135,0.1,-0.09999999999999998
347,-1,1,3,135,MOVE,1,-1,135,0.1,-0.1
348,-1,2,3,none,MOVE,1,-1,-1000,0.1,-0.1
349,-1,3,3,none,MOVE,1,-1,-1000,0.1,-0.1
350,-1,4,3,none,MOVE,1,-1,-1000,0.1,-0.1
351,-1,5,3,none,MOVE,1,-1,-1000,0.1,-0.1
352,-1,5,4,none,MOVE,0,-1,-1000,0.0,-0.1
353,-1,6,3,none,MOVE,1,-1,-1000,0.1,-0.1
354,-1,6,4,none,MOVE,0,-1,-1000,0.0,-0.1
355,-1,6,5,none,MOVE,-1,-1,-1000,-0.1,-0.1
356,-1,7,3,none,MOVE,1,-1,-1000,0.1,-0.1
357,-1,7,4,none,MOVE,0,-1,-1000,0.0,-0.1
358,-1,7,5,none,MOVE,-1,-1,-1000,-0.1,-0.1
359,-1,8,3,none,MOVE,1,-1,-1000,0.1,-0.1
360,-1,8,4,none,MOVE,0,-1,-1000,0.0,-0.1
361,-1,8,5,none,MOVE,-1,-1,-1000,-0.1,-0.1
362,-1,9,3,none,MOVE,1,-1,-1000,0.1,-0.1
363,-1,9,4,none,MOVE,0,-1,-1000,0.0,-0.1
364,-1,9,5,none,MOVE,-1,-1,-1000,-0.1,-0.1
365,-1,10,3,none,MOVE,1,-1,-1000,0.1,-0.1
366,-1,10,4,none,MOVE,0,-1,-1000,0.0,-0.1
367,-1,10,5,none,MOVE,-1,-1,-1000,-0.1,-0.1
368,0,-10,0,none,MOVE,0,1,-1000,0.0,0.1
369,0,-10,1,none,MOVE,1,1,-1000,0.1,0.1
370,0,-10,7,none,MOVE,-1,1,-1000,-0.1,0.1
371,0,-9,0,none,MOVE,0,1,-1000,0.0,0.1
372,0,-9,1,none,MOVE,1,1,-1000,0.1,0.1
373,0,-9,7,none,MOVE,-1,1,-1000,-0.1,0.1
374,0,-8,0,none,MOVE,0,1,-1000,0.0,0.1
375,0,-8,1,none,MOVE,1,1,-1000,0.1,0.1
376,0,-8,7,none,MOVE,-1,1,-1000,-0.1,0.1
377,0,-7,0,none,MOVE,0,1,-1000,0.0,0.1
378,0,-7,1,none,MOVE,1,1,-1000,0.1,0.1
379,0,-7,7,none,MOVE,-1,1,-1000,-0.1,0.1
380,0,-6,0,none,MOVE,0,1,-1000,0.0,0.1
381,0,-6,1,none,MOVE,1,1,-1000,0.1,0.1
382,0,-6,7,none,MOVE,-1,1,-1000,-0.1,0.1
383,0,-5,0,none,MOVE,0,1,-1000,0.0,0.1
384,0,-5,1,none,MOVE,1,1,-1000,0.1,0.1
385,0,-5,7,none,MOVE,-1,1,-1000,-0.1,0.1
386,0,-4,0,none,MOVE,0,1,-1000,0.0,0.1
387,0,-3,none,0,THROW,-1000,-1000,0,0.0,0.1
388,0,-2,none,0,THROW,-1000,-1000,0,0.0,0.1
389,0,-1,none,0,THROW,-1000,-1000,0,0.0,0.1
390,0,0,none,0,THROW,-1000,-1000,0,0.0,0.1
391,0,0,none,0,THROW,-1000,-1000,0,0.0,0.1
392,0,0,none,0,THROW,-1000,-1000,0,0.0,0.1
393,0,0,none,0,THROW,-1000,-1000,0,0.0,0.1
394,0,0,none,0,THROW,-1000,-1000,0,0.0,0.1
395,0,0,none,0,THROW,-1000,-1000,0,0.0,0.1
396,0,0,none,0,THROW,-1000,-1000,0,0.0,0.1
397,0,0,none,0,THROW,-1000,-1000,0,0.0,0.1
398,0,0,none,0,THROW,-1000,-1000,0,0.0,0.1
399,0,0,none,0,THROW,-1000,-1000,0,0.0,0.1
400,0,0,none,0,THROW,-1000,-1000,0,0.0,0.1
401,0,0,none,0,THROW,-1000,-1000,0,0.0,0.1
402,0,0,none,0,THROW,-1000,-1000,0,0.0,0.1
403,0,0,none,0,THROW,-1000,-1000,0,0.0,0.1
404,0,0,none,0,THROW,-1000,-1000,0,0.0,0.1
405,0,0,none,0,THROW,-1000,-1000,0,0.0,0.1
406,0,0,none,0,THROW,-1000,-1000,0,0.0,0.1
407,0,0,none,0,THROW,-1000,-1000,0,0.0,0.1
408,0,0,none,0,THROW,-1000,-1000,0,0.0,0.1
409,0,0,none,0,THROW,-1000,-1000,0,0.0,0.1
410,0,0,none,0,THROW,-1000,-1000,0,0.0,0.1
411,0,0,none,0,THROW,-1000,-1000,0,0.0,0.1
412,0,0,none,0,THROW,-1000,-1000,0,0.0,0.1
413,0,0,none,0,THROW,-1000,-1000,0,0.0,0.1
414,0,0,none,0,THROW,-1000,-1000,0,0.0,0.1
415,0,0,none,0,THROW,-1000,-1000,0,0.0,0.1
416,0,0,none,0,THROW,-1000,-1000,0,0.0,0.1
417,0,0,none,0,THROW,-1000,-1000,0,0.0,0.1
418,0,0,none,0,THROW,-1000,-1000,0,0.0,0.1
419,0,0,none,0,THROW,-1000,-1000,0,0.0,0.1
420,0,0,none,0,THROW,-1000,-1000,0,0.0,0.1
421,0,0,none,0,THROW,-1000,-1000,0,0.0,0.1
422,0,0,none,0,THROW,-1000,-1000,0,0.0,0.1
423,0,0,none,0,THROW,-1000,-1000,0,0.0,0.1
424,0,0,none,0,THROW,-1000,-1000,0,0.0,0.1
425,0,0,none,0,THROW,-1000,-1000,0,0.0,0.1
426,0,0,none,0,THROW,-1000,-1000,0,0.0,0.1
427,0,0,none,0,THROW,-1000,-1000,0,0.0,0.1
428,0,0,none,0,THROW,-1000,-1000,0,0.0,0.1
429,0,0,none,0,THROW,-1000,-1000,0,0.0,0.1
430,0,0,none,0,THROW,-1000,-1000,0,0.0,0.1
431,0,0,none,0,THROW,-1000,-1000,0,0.0,0.1
432,0,0,none,0,THROW,-1000,-1000,0,0.0,0.1
433,0,0,none,0,THROW,-1000,-1000,0,0.0,0.1
434,0,0,none,0,THROW,-1000,-1000,0,0.0,0.1
435,0,0,none,0,THROW,-1000,-1000,0,0.0,0.1
436,0,0,none,0,THROW,-1000,-1000,0,0.0,0.1
437,0,0,none,0,THROW,-1000,-1000,0,0.0,0.1
438,0,0,none,0,THROW,-1000,-1000,0,0.0,0.1
439,0,0,none,0,THROW,-1000,-1000,0,0.0,0.1
440,0,0,none,0,THROW,-1000,-1000,0,0.0,0.1
441,0,0,none,0,THROW,-1000,-1000,0,0.0,0.1
442,0,0,none,0,THROW,-1000,-1000,0,0.0,0.1
443,0,0,none,0,THROW,-1000,-1000,0,0.0,0.1
444,0,0,none,0,THROW,-1000,-1000,0,0.0,0.1
445,0,0,none,0,THROW,-1000,-1000,0,0.0,0.1
446,0,0,none,0,THROW,-1000,-1000,0,0.0,0.1
447,0,0,none,0,THROW,-1000,-1000,0,0.0,0.1
448,0,0,none,0,THROW,-1000,-1000,0,0.0,0.1
449,0,0,none,0,THROW,-1000,-1000,0,0.0,0.1
450,0,0,none,0,THROW,-1000,-1000,0,0.0,0.1
451,0,0,none,0,THROW,-1000,-1000,0,0.0,0.1
452,0,0,none,0,THROW,-1000,-1000,0,0.0,0.1
453,0,0,none,0,THROW,-1000,-1000,0,0.0,0.1
454,0,0,none,0,THROW,-1000,-1000,0,0.0,0.1
455,0,0,none,0,THROW,-1000,-1000,0,0.0,0.1
456,0,0,none,0,THROW,-1000,-1000,0,0.0,0.1
457,0,0,none,0,THROW,-1000,-1000,0,0.0,0.1
458,0,0,none,0,THROW,-1000,-1000,0,0.0,0.1
459,0,0,none,0,THROW,-1000,-1000,0,0.0,0.1
460,0,0,none,0,THROW,-1000,-1000,0,0.0,0.1
461,0,0,none,0,THROW,-1000,-1000,0,0.0,0.1
462,0,0,none,0,THROW,-1000,-1000,0,0.0,0.1
463,0,0,none,0,THROW,-1000,-1000,0,0.0,0.1
464,0,0,none,0,THROW,-1000,-1000,0,0.0,0.1
465,0,0,none,0,THROW,-1000,-1000,0,0.0,0.1
466,0,0,none,0,THROW,-1000,-1000,0,0.0,0.1
467,0,0,none,0,THROW,-1000,-1000,0,0.0,0.1
468,0,0,none,0,THROW,-1000,-1000,0,0.0,0.1
469,0,0,none,0,THROW,-1000,-1000,0,0.0,0.1
470,0,0,none,0,THROW,-1000,-1000,0,0.0,0.1
471,0,0,none,0,THROW,-1000,-1000,0,0.0,0.1
472,0,0,none,0,THROW,-1000,-1000,0,0.0,0.1
473,0,0,none,0,THROW,-1000,-1000,0,0.0,0.1
474,0,0,none,0,THROW,-1000,-1000,0,0.0,0.1
475,0,0,none,0,THROW,-1000,-1000,0,0.0,0.1
476,0,0,none,0,THROW,-1000,-1000,0,0.0,0.1
477,0,0,none,0,THROW,-1000,-1000,0,0.0,0.1
478,0,0,none,0,THROW,-1000,-1000,0,0.0,0.1
479,0,0,none,0,THROW,-1000,-1000,0,0.0,0.1
480,0,0,none,0,THROW,-1000,-1000,0,0.0,0.1
481,0,0,none,0,THROW,-1000,-1000,0,0.0,0.1
482,0,0,none,0,THROW,-1000,-1000,0,0.0,0.1
483,0,0,none,0,THROW,-1000,-1000,0,0.0,0.1
484,0,0,none,0,THROW,-1000,-1000,0,0.0,0.1
485,0,0,none,0,THROW,-1000,-1000,0,0.0,0.1
486,0,0,none,0,THROW,-1000,-1000,0,0.0,0.1
487,0,0,none,0,THROW,-1000,-1000,0,0.0,0.1
488,0,0,none,0,THROW,-1000,-1000,0,0.0,0.1
489,0,0,none,0,THROW,-1000,-1000,0,0.0,0.1
490,0,0,none,0,THROW,-1000,-1000,0,0.0,0.1
491,0,0,none,0,THROW,-1000,-1000,0,0.0,0.1
492,0,0,none,0,THROW,-1000,-1000,0,0.0,0.1
493,0,0,none,0,THROW,-1000,-1000,0,0.0,0.1
494,0,0,none,0,THROW,-1000,-1000,0,0.0,0.1
495,0,0,none,0,THROW,-1000,-1000,0,0.0,0.1
496,0,0,none,0,THROW,-1000,-1000,0,0.0,0.1
497,0,0,none,0,THROW,-1000,-1000,0,0.0,0.1
498,0,0,none,0,THROW,-1000,-1000,0,0.0,0.1
499,0,0,none,0,THROW,-1000,-1000,0,0.0,0.1
500,0,0,none,0,THROW,-1000,-1000,0,0.0,0.1
501,0,0,none,0,THROW,-1000,-1000,0,0.0,0.1
502,0,0,none,0,THROW,-1000,-1000,0,0.0,0.1
503,0,0,none,0,THROW,-1000,-1000,0,0.0,0.1
504,0,0,none,0,THROW,-1000,-1000,0,0.0,0.1
505,0,0,none,0,THROW,-1000,-1000,0,0.0,0.1
506,0,0,none,0,THROW,-1000,-1000,0,0.0,0.1
507,0,0,none,0,THROW,-1000,-1000,0,0.0,0.1
508,0,0,none,0,THROW,-1000,-1000,0,0.0,0.1
509,0,0,none,0,THROW,-1000,-1000,0,0.0,0.1
510,0,0,none,0,THROW,-1000,-1000,0,0.0,0.1
511,0,0,none,0,THROW,-1000,-1000,0,0.0,0.1
512,0,0,none,0,THROW,-1000,-1000,0,0.0,0.1
513,0,0,none,0,THROW,-1000,-1000,0,0.0,0.1
514,0,0,none,0,THROW,-1000,-1000,0,0.0,0.1
515,0,0,none,0,THROW,-1000,-1000,0,0.0,0.1
516,0,0,none,0,THROW,-1000,-1000,0,0.0,0.1
517,0,0,none,0,THROW,-1000,-1000,0,0.0,0.1
518,0,0,none,0,THROW,-1000,-1000,0,0.0,0.1
519,0,0,none,0,THROW,-1000,-1000,0,0.0,0.1
520,0,0,none,0,THROW,-1000,-1000,0,0.0,0.1
521,0,0,none,0,THROW,-1000,-1000,0,0.0,0.1
522,0,0,none,0,THROW,-1000,-1000,0,0.0,0.1
523,0,0,none,0,THROW,-1000,-1000,0,0.0,0.1
524,0,0,none,0,THROW,-1000,-1000,0,0.0,0.1
525,0,0,none,0,THROW,-1000,-1000,0,0.0,0.1
526,0,0,none,0,THROW,-1000,-1000,0,0.0,0.1
527,0,0,none,0,THROW,-1000,-1000,0,0.0,0.1
528,0,0,none,0,THROW,-1000,-1000,0,0.0,0.1
529,0,0,none,0,THROW,-1000,-1000,0,0.0,0.1
530,0,0,none,0,THROW,-1000,-1000,0,0.0,0.1
531,0,0,none,0,THROW,-1000,-1000,0,0.0,0.1
532,0,0,none,0,THROW,-1000,-1000,0,0.0,0.1
533,0,0,none,0,THROW,-1000,-1000,0,0.0,0.1
534,0,0,none,0,THROW,-1000,-1000,0,0.0,0.1
535,0,0,none,0,THROW,-1000,-1000,0,0.0,0.1
536,0,0,none,0,THROW,-1000,-1000,0,0.0,0.1
537,0,0,none,0,THROW,-1000,-1000,0,0.0,0.1
538,0,0,none,0,THROW,-1000,-1000,0,0.0,0.1
539,0,0,none,0,THROW,-1000,-1000,0,0.0,0.1
540,0,0,none,0,THROW,-1000,-1000,0,0.0,0.1
541,0,0,none,0,THROW,-1000,-1000,0,0.0,0.1
542,0,0,none,0,THROW,-1000,-1000,0,0.0,0.1
543,0,0,none,0,THROW,-1000,-1000,0,0.0,0.1
544,0,0,none,0,THROW,-1000,-1000,0,0.0,0.1
545,0,0,none,0,THROW,-1000,-1000,0,0.0,0.1
546,0,0,none,0,THROW,-1000,-1000,0,0.0,0.1
547,0,0,none,0,THROW,-1000,-1000,0,0.0,0.1
548,0,0,none,0,THROW,-1000,-1000,0,0.0,0.1
549,0,0,none,0,THROW,-1000,-1000,0,0.0,0.1
550,0,0,none,0,THROW,-1000,-1000,0,0.0,0.1
551,0,0,none,0,THROW,-1000,-1000,0,0.0,0.1
552,0,0,none,0,THROW,-1000,-1000,0,0.0,0.1
553,0,0,none,0,THROW,-1000,-1000,0,0.0,0.1
554,0,0,none,0,THROW,-1000,-1000,0,0.0,0.1
555,0,0,none,0,THROW,-1000,-1000,0,0.0,0.1
556,0,0,none,0,THROW,-1000,-1000,0,0.0,0.1
557,0,0,none,0,THROW,-1000,-1000,0,0.0,0.1
558,0,0,none,0,THROW,-1000,-1000,0,0.0,0.1
559,0,0,none,0,THROW,-1000,-1000,0,0.0,0.1
560,0,0,none,0,THROW,-1000,-1000,0,0.0,0.1
561,0,0,none,0,THROW,-1000,-1000,0,0.0,0.1
562,0,0,none,0,THROW,-1000,-1000,0,0.0,0.1
563,0,0,none,0,THROW,-1000,-1000,0,0.0,0.1
564,0,0,none,0,THROW,-1000,-1000,0,0.0,0.1
565,0,0,none,0,THROW,-1000,-1000,0,0.0,0.1
566,0,0,none,0,THROW,-1000,-1000,0,0.0,0.1
567,0,0,none,0,THROW,-1000,-1000,0,0.0,0.1
568,0,0,none,0,THROW,-1000,-1000,0,0.0,0.1
569,0,0,none,0,THROW,-1000,-1000,0,0.0,0.1
570,0,0,none,0,THROW,-1000,-1000,0,0.0,0.1
571,0,0,none,0,THROW,-1000,-1000,0,0.0,0.1
572,0,0,none,0,THROW,-1000,-1000,0,0.0,0.1
573,0,0,none,0,THROW,-1000,-1000,0,0.0,0.1
574,0,0,none,0,THROW,-1000,-1000,0,0.0,0.1
575,0,0,none,0,THROW,-1000,-1000,0,0.0,0.1
576,0,0,none,0,THROW,-1000,-1000,0,0.0,0.1
577,0,0,none,0,THROW,-1000,-1000,0,0.0,0.1
578,0,0,none,0,THROW,-1000,-1000,0,0.0,0.1
579,0,0,none,0,THROW,-1000,-1000,0,0.0,0.1
580,0,0,none,0,THROW,-1000,-1000,0,0.0,0.1
581,0,0,none,0,THROW,-1000,-1000,0,0.0,0.1
582,0,0,none,0,THROW,-1000,-1000,0,0.0,0.1
583,0,0,none,0,THROW,-1000,-1000,0,0.0,0.1
584,0,0,none,0,THROW,-1000,-1000,0,0.0,0.1
585,0,0,none,0,THROW,-1000,-1000,0,0.0,0.1
586,0,0,none,0,THROW,-1000,-1000,0,0.0,0.1
587,0,0,none,0,THROW,-1000,-1000,0,0.0,0.1
588,0,0,none,0,THROW,-1000,-1000,0,0.0,0.1
589,0,0,none,0,THROW,-1000,-1000,0,0.0,0.1
590,0,0,none,0,THROW,-1000,-1000,0,0.0,0.1
591,0,0,none,0,THROW,-1000,-1000,0,0.0,0.1
592,0,0,none,0,THROW,-1000,-1000,0,0.0,0.1
593,0,0,none,0,THROW,-1000,-1000,0,0.0,0.1
594,0,0,none,0,THROW,-1000,-1000,0,0.0,0.1
595,0,0,none,0,THROW,-1000,-1000,0,0.0,0.1
596,0,0,none,0,THROW,-1000,-1000,0,0.0,0.1
597,0,0,none,0,THROW,-1000,-1000,0,0.0,0.1
598,0,0,none,0,THROW,-1000,-1000,0,0.0,0.1
599,0,0,none,0,THROW,-1000,-1000,0,0.0,0.1
600,0,0,none,0,THROW,-1000,-1000,0,0.0,0.1
601,0,0,none,0,THROW,-1000,-1000,0,0.0,0.1
602,0,0,none,0,THROW,-1000,-1000,0,0.0,0.1
603,0,0,none,0,THROW,-1000,-1000,0,0.0,0.1
604,0,0,none,0,THROW,-1000,-1000,0,0.0,0.1
605,0,0,none,0,THROW,-1000,-1000,0,0.0,0.1
606,0,0,none,0,THROW,-1000,-1000,0,0.0,0.1
607,0,0,none,0,THROW,-1000,-1000,0,0.0,0.1
608,0,0,none,0,THROW,-1000,-1000,0,0.0,0.1
609,0,0,none,0,THROW,-1000,-1000,0,0.0,0.1
610,0,0,none,0,THROW,-1000,-1000,0,0.0,0.1
611,0,0,none,0,THROW,-1000,-1000,0,0.0,0.1
612,0,0,none,0,THROW,-1000,-1000,0,0.0,0.1
613,0,0,none,0,THROW,-1000,-1000,0,0.0,0.1
614,0,0,none,0,THROW,-1000,-1000,0,0.0,0.1
615,0,0,none,0,THROW,-1000,-1000,0,0.0,0.1
616,0,0,none,0,THROW,-1000,-1000,0,0.0,0.1
617,0,0,none,0,THROW,-1000,-1000,0,0.0,0.1
618,0,0,none,0,THROW,-1000,-1000,0,0.0,0.1
619,0,0,none,0,THROW,-1000,-1000,0,0.0,0.1
620,0,0,none,0,THROW,-1000,-1000,0,0.0,0.1
621,0,0,none,0,THROW,-1000,-1000,0,0.0,0.1
622,0,0,none,0,THROW,-1000,-1000,0,0.0,0.1
623,0,0,none,0,THROW,-1000,-1000,0,0.0,0.1
624,0,0,none,0,THROW,-1000,-1000,0,0.0,0.1
625,0,0,none,0,THROW,-1000,-1000,0,0.0,0.1
626,0,0,none,0,THROW,-1000,-1000,0,0.0,0.1
627,0,0,none,0,THROW,-1000,-1000,0,0.0,0.1
628,0,0,none,0,THROW,-1000,-1000,0,0.0,0.1
629,0,0,none,0,THROW,-1000,-1000,0,0.0,0.1
630,0,0,none,0,THROW,-1000,-1000,0,0.0,0.1
631,0,0,none,0,THROW,-1000,-1000,0,0.0,0.1
632,0,0,none,0,THROW,-1000,-1000,0,0.0,0.1
633,0,0,none,0,THROW,-1000,-1000,0,0.0,0.1
634,0,0,none,0,THROW,-1000,-1000,0,0.0,0.1
635,0,0,none,0,THROW,-1000,-1000,0,0.0,0.1
636,0,0,none,0,THROW,-1000,-1000,0,0.0,0.1
637,0,0,none,0,THROW,-1000,-1000,0,0.0,0.1
638,0,0,none,0,THROW,-1000,-1000,0,0.0,0.1
639,0,0,none,0,THROW,-1000,-1000,0,0.0,0.1
640,0,0,none,0,THROW,-1000,-1000,0,0.0,0.1
641,0,0,none,0,THROW,-1000,-1000,0,0.0,0.1
642,0,0,none,0,THROW,-1000,-1000,0,0.0,0.1
643,0,0,none,0,THROW,-1000,-1000,0,0.0,0.1
644,0,0,none,0,THROW,-1000,-1000,0,0.0,0.1
645,0,0,none,0,THROW,-1000,-1000,0,0.0,0.1
646,0,0,none,0,THROW,-1000,-1000,0,0.0,0.1
647,0,0,none,0,THROW,-1000,-1000,0,0.0,0.1
648,0,0,none,0,THROW,-1000,-1000,0,0.0,0.1
649,0,0,none,0,THROW,-1000,-1000,0,0.0,0.1
650,0,0,none,0,THROW,-1000,-1000,0,0.0,0.1
651,0,0,none,0,THROW,-1000,-1000,0,0.0,0.1
652,0,0,none,0,THROW,-1000,-1000,0,0.0,0.1
653,0,0,none,0,THROW,-1000,-1000,0,0.0,0.1
654,0,0,none,0,THROW,-1000,-1000,0,0.0,0.1
655,0,0,none,0,THROW,-1000,-1000,0,0.0,0.1
656,0,0,none,0,THROW,-1000,-1000,0,0.0,0.1
657,0,0,none,0,THROW,-1000,-1000,0,0.0,0.1
658,0,0,none,0,THROW,-1000,-1000,0,0.0,0.1
659,0,0,none,0,THROW,-1000,-1000,0,0.0,0.1
660,0,0,none,0,THROW,-1000,-1000,0,0.0,0.1
661,0,0,none,0,THROW,-1000,-1000,0,0.0,0.1
662,0,0,none,0,THROW,-1000,-1000,0,0.0,0.1
663,0,0,none,0,THROW,-1000,-1000,0,0.0,0.1
664,0,0,none,0,THROW,-1000,-1000,0,0.0,0.1
665,0,0,none,0,THROW,-1000,-1000,0,0.0,0.1
666,0,0,none,0,THROW,-1000,-1000,0,0.0,0.1
667,0,0,none,0,THROW,-1000,-1000,0,0.0,0.1
668,0,0,none,0,THROW,-1000,-1000,0,0.0,0.1
669,0,0,none,0,THROW,-1000,-1000,0,0.0,0.1
670,0,0,none,0,THROW,-1000,-1000,0,0.0,0.1
671,0,0,none,0,THROW,-1000,-1000,0,0.0,0.1
672,0,0,none,0,THROW,-1000,-1000,0,0.0,0.1
673,0,0,none,0,THROW,-1000,-1000,0,0.0,0.1
674,0,0,none,0,THROW,-1000,-1000,0,0.0,0.1
675,0,0,none,0,THROW,-1000,-1000,0,0.0,0.1
676,0,0,none,0,THROW,-1000,-1000,0,0.0,0.1
677,0,0,none,0,THROW,-1000,-1000,0,0.0,0.1
678,0,0,none,0,THROW,-1000,-1000,0,0.0,0.1
679,0,0,none,0,THROW,-1000,-1000,0,0.0,0.1
680,0,0,none,0,THROW,-1000,-1000,0,0.0,0.1
681,0,0,none,0,THROW,-1000,-1000,0,0.0,0.1
682,0,0,none,0,THROW,-1000,-1000,0,0.0,0.1
683,0,0,none,0,THROW,-1000,-1000,0,0.0,0.1
684,0,0,none,0,THROW,-1000,-1000,0,0.0,0.1
685,0,0,none,0,THROW,-1000,-1000,0,0.0,0.1
686,0,0,none,0,THROW,-1000,-1000,0,0.0,0.1
687,0,0,none,0,THROW,-1000,-1000,0,0.0,0.1
688,0,0,none,0,THROW,-1000,-1000,0,0.0,0.1
689,0,0,none,0,THROW,-1000,-1000,0,0.0,0.1
690,0,0,none,0,THROW,-1000,-1000,0,0.0,0.1
691,0,0,none,0,THROW,-1000,-1000,0,0.0,0.1
692,0,0,none,0,THROW,-1000,-1000,0,0.0,0.1
693,0,0,none,0,THROW,-1000,-1000,0,0.0,0.1
694,0,0,none,0,THROW,-1000,-1000,0,0.0,0.1
695,0,0,none,0,THROW,-1000,-1000,0,0.0,0.1
696,0,0,none,0,THROW,-1000,-1000,0,0.0,0.1
697,0,0,none,0,THROW,-1000,-1000,0,0.0,0.1
698,0,0,none,0,THROW,-1000,-1000,0,0.0,0.1
699,0,0,none,0,THROW,-1000,-1000,0,0.0,0.1
700,0,0,none,0,THROW,-1000,-1000,0,0.0,0.1
701,0,0,none,0,THROW,-1000,-1000,0,0.0,0.1
702,0,0,none,0,THROW,-1000,-1000,0,0.0,0.1
703,0,0,none,0,THROW,-1000,-1000,0,0.0,0.1
704,0,0,none,0,THROW,-1000,-1000,0,0.0,0.1
705,0,0,none,0,THROW,-1000,-1000,0,0.0,0.1
706,0,0,none,0,THROW,-1000,-1000,0,0.0,0.1
707,0,0,none,0,THROW,-1000,-1000,0,0.0,0.1
708,0,0,none,0,THROW,-1000,-1000,0,0.0,0.1
709,0,0,none,0,THROW,-1000,-1000,0,0.0,0.1
710,0,0,none,0,THROW,-1000,-1000,0,0.0,0.1
711,0,0,none,0,THROW,-1000,-1000,0,0.0,0.1
712,0,0,none,0,THROW,-1000,-1000,0,0.0,0.1
713,0,0,none,0,THROW,-1000,-1000,0,0.0,0.1
714,0,0,none,0,THROW,-1000,-1000,0,0.0,0.1
715,0,0,none,0,THROW,-1000,-1000,0,0.0,0.1
716,0,0,none,0,THROW,-1000,-1000,0,0.0,0.1
717,0,0,none,0,THROW,-1000,-1000,0,0.0,0.1
718,0,0,none,0,THROW,-1000,-1000,0,0.0,0.1
719,0,0,none,0,THROW,-1000,-1000,0,0.0,0.1
720,0,0,none,0,THROW,-1000,-1000,0,0.0,0.1
721,0,0,none,0,THROW,-1000,-1000,0,0.0,0.1
722,0,0,none,0,THROW,-1000,-1000,0,0.0,0.1
723,0,0,none,0,THROW,-1000,-1000,0,0.0,0.1
724,0,0,none,0,THROW,-1000,-1000,0,0.0,0.1
725,0,0,none,0,THROW,-1000,-1000,0,0.0,0.1
726,0,0,none,0,THROW,-1000,-1000,0,0.0,0.1
727,0,0,none,0,THROW,-1000,-1000,0,0.0,0.1
728,0,0,none,0,THROW,-1000,-1000,0,0.0,0.1
729,0,0,none,0,THROW,-1000,-1000,0,0.0,0.1
730,0,0,none,0,THROW,-1000,-1000,0,0.0,0.1
731,0,0,none,0,THROW,-1000,-1000,0,0.0,0.1
732,0,0,none,0,THROW,-1000,-1000,0,0.0,0.1
733,0,0,none,0,THROW,-1000,-1000,0,0.0,0.1
734,0,0,none,0,THROW,-1000,-1000,0,0.0,0.1
735,0,0,none,0,THROW,-1000,-1000,0,0.0,0.1
736,0,0,none,0,THROW,-1000,-1000,0,0.0,0.1
737,0,0,none,0,THROW,-1000,-1000,0,0.0,0.1
738,0,0,none,0,THROW,-1000,-1000,0,0.0,0.1
739,0,0,none,0,THROW,-1000,-1000,0,0.0,0.1
740,0,0,none,0,THROW,-1000,-1000,0,0.0,0.1
741,0,0,none,0,THROW,-1000,-1000,0,0.0,0.1
742,0,0,none,0,THROW,-1000,-1000,0,0.0,0.1
743,0,0,none,0,THROW,-1000,-1000,0,0.0,0.1
744,0,0,none,0,THROW,-1000,-1000,0,0.0,0.1
745,0,0,none,0,THROW,-1000,-1000,0,0.0,0.1
746,0,0,none,0,THROW,-1000,-1000,0,0.0,0.1
747,0,0,none,0,THROW,-1000,-1000,0,0.0,0.1
748,0,0,none,0,THROW,-1000,-1000,0,0.0,0.1
749,0,0,none,0,THROW,-1000,-1000,0,0.0,0.1
750,0,1,none,180,THROW,-1000,-1000,180,0.0,-0.1
751,0,2,none,180,THROW,-1000,-1000,180,0.0,-0.1
752,0,3,none,180,THROW,-1000,-1000,180,0.0,-0.1
753,0,4,4,none,MOVE,0,-1,-1000,0.0,-0.1
754,0,5,3,none,MOVE,1,-1,-1000,0.1,-0.1
755,0,5,4,none,MOVE,0,-1,-1000,0.0,-0.1
756,0,5,5,none,MOVE,-1,-1,-1000,-0.1,-0.1
757,0,6,3,none,MOVE,1,-1,-1000,0.1,-0.1
758,0,6,4,none,MOVE,0,-1,-1000,0.0,-0.1
759,0,6,5,none,MOVE,-1,-1,-1000,-0.1,-0.1
760,0,7,3,none,MOVE,1,-1,-1000,0.1,-0.1
761,0,7,4,none,MOVE,0,-1,-1000,0.0,-0.1
762,0,7,5,none,MOVE,-1,-1,-1000,-0.1,-0.1
763,0,8,3,none,MOVE,1,-1,-1000,0.1,-0.1
764,0,8,4,none,MOVE,0,-1,-1000,0.0,-0.1
765,0,8,5,none,MOVE,-1,-1,-1000,-0.1,-0.1
766,0,9,3,none,MOVE,1,-1,-1000,0.1,-0.1
767,0,9,4,none,MOVE,0,-1,-1000,0.0,-0.1
768,0,9,5,none,MOVE,-1,-1,-1000,-0.1,-0.1
769,0,10,3,none,MOVE,1,-1,-1000,0.1,-0.1
770,0,10,4,none,MOVE,0,-1,-1000,0.0,-0.1
771,0,10,5,none,MOVE,-1,-1,-1000,-0.1,-0.1
772,1,-10,0,none,MOVE,0,1,-1000,0.0,0.1
773,1,-10,1,none,MOVE,1,1,-1000,0.1,0.1
774,1,-10,7,none,MOVE,-1,1,-1000,-0.1,0.1
775,1,-9,0,none,MOVE,0,1,-1000,0.0,0.1
776,1,-9,1,none,MOVE,1,1,-1000,0.1,0.1
777,1,-9,7,none,MOVE,-1,1,-1000,-0.1,0.1
778,1,-8,0,none,MOVE,0,1,-1000,0.0,0.1
779,1,-8,1,none,MOVE,1,1,-1000,0.1,0.1
780,1,-8,7,none,MOVE,-1,1,-1000,-0.1,0.1
781,1,-7,0,none,MOVE,0,1,-1000,0.0,0.1
782,1,-7,1,none,MOVE,1,1,-1000,0.1,0.1
783,1,-7,7,none,MOVE,-1,1,-1000,-0.1,0.1
784,1,-6,0,none,MOVE,0,1,-1000,0.0,0.1
785,1,-6,1,none,MOVE,1,1,-1000,0.1,0.1
786,1,-6,7,none,MOVE,-1,1,-1000,-0.1,0.1
787,1,-5,0,none,MOVE,0,1,-1000,0.0,0.1
788,1,-5,7,none,MOVE,-1,1,-1000,-0.1,0.1
789,1,-4,7,none,MOVE,-1,1,-1000,-0.1,0.1
790,1,-3,7,none,MOVE,-1,1,-1000,-0.1,0.1
791,1,-2,7,none,MOVE,-1,1,-1000,-0.1,0.1
792,1,-1,none,315,THROW,-1000,-1000,315,-0.1,0.09999999999999996
793,1,-1,7,315,MOVE,-1,1,315,-0.1,0.1
794,1,0,none,270,THROW,-1000,-1000,270,-0.1,0.0
795,1,1,none,225,THROW,-1000,-1000,225,-0.1,-0.10000000000000003
796,1,1,5,225,MOVE,-1,-1,225,-0.1,-0.1
797,1,2,5,none,MOVE,-1,-1,-1000,-0.1,-0.1
798,1,3,5,none,MOVE,-1,-1,-1000,-0.1,-0.1
799,1,4,5,none,MOVE,-1,-1,-1000,-0.1,-0.1
800,1,5,4,none,MOVE,0,-1,-1000,0.0,-0.1
801,1,5,5,none,MOVE,-1,-1,-1000,-0.1,-0.1
802,1,6,3,none,MOVE,1,-1,-1000,0.1,-0.1
803,1,6,4,none,MOVE,0,-1,-1000,0.0,-0.1
804,1,6,5,none,MOVE,-1,-1,-1000,-0.1,-0.1
805,1,7,3,none,MOVE,1,-1,-1000,0.1,-0.1
806,1,7,4,none,MOVE,0,-1,-1000,0.0,-0.1
807,1,7,5,none,MOVE,-1,-1,-1000,-0.1,-0.1
808,1,8,3,none,MOVE,1,-1,-1000,0.1,-0.1
809,1,8,4,none,MOVE,0,-1,-1000,0.0,-0.1
810,1,8,5,none,MOVE,-1,-1,-1000,-0.1,-0.1
811,1,9,3,none,MOVE,1,-1,-1000,0.1,-0.1
812,1,9,4,none,MOVE,0,-1,-1000,0.0,-0.1
813,1,9,5,none,MOVE,-1,-1,-1000,-0.1,-0.1
814,1,10,3,none,MOVE,1,-1,-1000,0.1,-0.1
815,1,10,4,none,MOVE,0,-1,-1000,0.0,-0.1
816,1,10,5,none,MOVE,-1,-1,-1000,-0.1,-0.1
817,2,-10,0,none,MOVE,0,1,-1000,0.0,0.1
818,2,-10,1,none,MOVE,1,1,-1000,0.1,0.1
819,2,-10,7,none,MOVE,-1,1,-1000,-0.1,0.1
820,2,-9,0,none,MOVE,0,1,-1000,0.0,0.1
821,2,-9,1,none,MOVE,1,1,-1000,0.1,0.1
822,2,-9,7,none,MOVE,-1,1,-1000,-0.1,0.1
823,2,-8,0,none,MOVE,0,1,-1000,0.0,0.1
824,2,-8,1,none,MOVE,1,1,-1000,0.1,0.1
825,2,-8,7,none,MOVE,-1,1,-1000,-0.1,0.1
826,2,-7,0,none,MOVE,0,1,-1000,0.0,0.1
827,2,-7,1,none,MOVE,1,1,-1000,0.1,0.1
828,2,-7,7,none,MOVE,-1,1,-1000,-0.1,0.1
829,2,-6,0,none,MOVE,0,1,-1000,0.0,0.1
830,2,-6,7,none,MOVE,-1,1,-1000,-0.1,0.1
831,2,-5,7,none,MOVE,-1,1,-1000,-0.1,0.1
832,2,-4,7,none,MOVE,-1,1,-1000,-0.1,0.1
833,2,-3,7,none,MOVE,-1,1,-1000,-0.1,0.1
834,2,-2,7,none,MOVE,-1,1,-1000,-0.1,0.1
835,2,-1,7,none,MOVE,-1,1,-1000,-0.1,0.1
836,2,0,none,270,THROW,-1000,-1000,270,-0.1,0.0
837,2,1,5,none,MOVE,-1,-1,-1000,-0.1,-0.1
838,2,2,5,none,MOVE,-1,-1,-1000,-0.1,-0.1
839,2,3,5,none,MOVE,-1,-1,-1000,-0.1,-0.1
840,2,4,5,none,MOVE,-1,-1,-1000,-0.1,-0.1
841,2,5,5,none,MOVE,-1,-1,-1000,-0.1,-0.1
842,2,6,4,none,MOVE,0,-1,-1000,0.0,-0.1
843,2,6,5,none,MOVE,-1,-1,-1000,-0.1,-0.1
844,2,7,3,none,MOVE,1,-1,-1000,0.1,-0.1
845,2,7,4,none,MOVE,0,-1,-1000,0.0,-0.1
846,2,7,5,none,MOVE,-1,-1,-1000,-0.1,-0.1
847,2,8,3,none,MOVE,1,-1,-1000,0.1,-0.1
848,2,8,4,none,MOVE,0,-1,-1000,0.0,-0.1
849,2,8,5,none,MOVE,-1,-1,-1000,-0.1,-0.1
850,2,9,3,none,MOVE,1,-1,-1000,0.1,-0.1
851,2,9,4,none,MOVE,0,-1,-1000,0.0,-0.1
852,2,9,5,none,MOVE,-1,-1,-1000,-0.1,-0.1
853,2,10,3,none,MOVE,1,-1,-1000,0.1,-0.1
854,2,10,4,none,MOVE,0,-1,-1000,0.0,-0.1
855,2,10,5,none,MOVE,-1,-1,-1000,-0.1,-0.1
856,3,-10,0,none,MOVE,0,1,-1000,0.0,0.1
857,3,-10,1,none,MOVE,1,1,-1000,0.1,0.1
858,3,-10,7,none,MOVE,-1,1,-1000,-0.1,0.1
859,3,-9,0,none,MOVE,0,1,-1000,0.0,0.1
860,3,-9,1,none,MOVE,1,1,-1000,0.1,0.1
861,3,-9,7,none,MOVE,-1,1,-1000,-0.1,0.1
862,3,-8,0,none,MOVE,0,1,-1000,0.0,0.1
863,3,-8,1,none,MOVE,1,1,-1000,0.1,0.1
864,3,-8,7,none,MOVE,-1,1,-1000,-0.1,0.1
865,3,-7,0,none,MOVE,0,1,-1000,0.0,0.1
866,3,-7,7,none,MOVE,-1,1,-1000,-0.1,0.1
867,3,-6,7,none,MOVE,-1,1,-1000,-0.1,0.1
868,3,-5,7,none,MOVE,-1,1,-1000,-0.1,0.1
869,3,-4,7,none,MOVE,-1,1,-1000,-0.1,0.1
870,3,-3,7,none,MOVE,-1,1,-1000,-0.1,0.1
871,3,-2,7,none,MOVE,-1,1,-1000,-0.1,0.1
872,3,-1,7,none,MOVE,-1,1,-1000,-0.1,0.1
873,3,0,none,270,THROW,-1000,-1000,270,-0.1,0.0
874,3,1,5,none,MOVE,-1,-1,-1000,-0.1,-0.1
875,3,2,5,none,MOVE,-1,-1,-1000,-0.1,-0.1
876,3,3,5,none,MOVE,-1,-1,-1000,-0.1,-0.1
877,3,4,5,none,MOVE,-1,-1,-1000,-0.1,-0.1
878,3,5,5,none,MOVE,-1,-1,-1000,-0.1,-0.1
879,3,6,5,none,MOVE,-1,-1,-1000,-0.1,-0.1
880,3,7,4,none,MOVE,0,-1,-1000,0.0,-0.1
881,3,7,5,none,MOVE,-1,-1,-1000,-0.1,-0.1
882,3,8,3,none,MOVE,1,-1,-1000,0.1,-0.1
883,3,8,4,none,MOVE,0,-1,-1000,0.0,-0.1
884,3,8,5,none,MOVE,-1,-1,-1000,-0.1,-0.1
885,3,9,3,none,MOVE,1,-1,-1000,0.1,-0.1
886,3,9,4,none,MOVE,0,-1,-1000,0.0,-0.1
887,3,9,5,none,MOVE,-1,-1,-1000,-0.1,-0.1
888,3,10,3,none,MOVE,1,-1,-1000,0.1,-0.1
889,3,10,4,none,MOVE,0,-1,-1000,0.0,-0.1
890,3,10,5,none,MOVE,-1,-1,-1000,-0.1,-0.1
891,4,-10,0,none,MOVE,0,1,-1000,0.0,0.1
892,4,-10,1,none,MOVE,1,1,-1000,0.1,0.1
893,4,-10,7,none,MOVE,-1,1,-1000,-0.1,0.1
894,4,-9,0,none,MOVE,0,1,-1000,0.0,0.1
895,4,-9,1,none,MOVE,1,1,-1000,0.1,0.1
896,4,-9,7,none,MOVE,-1,1,-1000,-0.1,0.1
897,4,-8,0,none,MOVE,0,1,-1000,0.0,0.1
898,4,-8,7,none,MOVE,-1,1,-1000,-0.1,0.1
899,4,-7,7,none,MOVE,-1,1,-1000,-0.1,0.1
900,4,-6,7,none,MOVE,-1,1,-1000,-0.1,0.1
901,4,-5,7,none,MOVE,-1,1,-1000,-0.1,0.1
902,4,-4,7,none,MOVE,-1,1,-1000,-0.1,0.1
903,4,-3,7,none,MOVE,-1,1,-1000,-0.1,0.1
904,4,-2,7,none,MOVE,-1,1,-1000,-0.1,0.1
905,4,-1,7,none,MOVE,-1,1,-1000,-0.1,0.1
906,4,0,6,none,MOVE,-1,0,-1000,-0.1,0.0
907,4,1,5,none,MOVE,-1,-1,-1000,-0.1,-0.1
908,4,2,5,none,MOVE,-1,-1,-1000,-0.1,-0.1
909,4,3,5,none,MOVE,-1,-1,-1000,-0.1,-0.1
910,4,4,5,none,MOVE,-1,-1,-1000,-0.1,-0.1
911,4,5,5,none,MOVE,-1,-1,-1000,-0.1,-0.1
912,4,6,5,none,MOVE,-1,-1,-1000,-0.1,-0.1
913,4,7,5,none,MOVE,-1,-1,-1000,-0.1,-0.1
914,4,8,4,none,MOVE,0,-1,-1000,0.0,-0.1
915,4,8,5,none,MOVE,-1,-1,-1000,-0.1,-0.1
916,4,9,3,none,MOVE,1,-1,-1000,0.1,-0.1
917,4,9,4,none,MOVE,0,-1,-1000,0.0,-0.1
918,4,9,5,none,MOVE,-1,-1,-1000,-0.1,-0.1
919,4,10,3,none,MOVE,1,-1,-1000,0.1,-0.1
920,4,10,4,none,MOVE,0,-1,-1000,0.0,-0.1
921,4,10,5,none,MOVE,-1,-1,-1000,-0.1,-0.1
922,5,-10,0,none,MOVE,0,1,-1000,0.0,0.1
923,5,-10,1,none,MOVE,1,1,-1000,0.1,0.1
924,5,-10,7,none,MOVE,-1,1,-1000,-0.1,0.1
925,5,-9,0,none,MOVE,0,1,-1000,0.0,0.1
926,5,-9,7,none,MOVE,-1,1,-1000,-0.1,0.1
927,5,-8,7,none,MOVE,-1,1,-1000,-0.1,0.1
928,5,-7,7,none,MOVE,-1,1,-1000,-0.1,0.1
929,5,-6,7,none,MOVE,-1,1,-1000,-0.1,0.1
930,5,-5,7,none,MOVE,-1,1,-1000,-0.1,0.1
931,5,-4,7,none,MOVE,-1,1,-1000,-0.1,0.1
932,5,-3,7,none,MOVE,-1,1,-1000,-0.1,0.1
933,5,-2,7,none,MOVE,-1,1,-1000,-0.1,0.1
934,5,-1,6,none,MOVE,-1,0,-1000,-0.1,0.0
935,5,-1,7,none,MOVE,-1,1,-1000,-0.1,0.1
936,5,0,5,none,MOVE,-1,-1,-1000,-0.1,-0.1
937,5,0,6,none,MOVE,-1,0,-1000,-0.1,0.0
938,5,0,7,none,MOVE,-1,1,-1000,-0.1,0.1
939,5,1,5,none,MOVE,-1,-1,-1000,-0.1,-0.1
940,5,1,6,none,MOVE,-1,0,-1000,-0.1,0.0
941,5,2,5,none,MOVE,-1,-1,-1000,-0.1,-0.1
942,5,3,5,none,MOVE,-1,-1,-1000,-0.1,-0.1
943,5,4,5,none,MOVE,-1,-1,-1000,-0.1,-0.1
944,5,5,5,none,MOVE,-1,-1,-1000,-0.1,-0.1
945,5,6,5,none,MOVE,-1,-1,-1000,-0.1,-0.1
946,5,7,5,none,MOVE,-1,-1,-1000,-0.1,-0.1
947,5,8,5,none,MOVE,-1,-1,-1000,-0.1,-0.1
948,5,9,4,none,MOVE,0,-1,-1000,0.0,-0.1
949,5,9,5,none,MOVE,-1,-1,-1000,-0.1,-0.1
950,5,10,3,none,MOVE,1,-1,-1000,0.1,-0.1
951,5,10,4,none,MOVE,0,-1,-1000,0.0,-0.1
952,5,10,5,none,MOVE,-1,-1,-1000,-0.1,-0.1
953,6,-10,0,none,MOVE,0,1,-1000,0.0,0.1
954,6,-10,7,none,MOVE,-1,1,-1000,-0.1,0.1
955,6,-9,7,none,MOVE,-1,1,-1000,-0.1,0.1
956,6,-8,7,none,MOVE,-1,1,-1000,-0.1,0.1
957,6,-7,7,none,MOVE,-1,1,-1000,-0.1,0.1
958,6,-6,7,none,MOVE,-1,1,-1000,-0.1,0.1
959,6,-5,7,none,MOVE,-1,1,-1000,-0.1,0.1
960,6,-4,7,none,MOVE,-1,1,-1000,-0.1,0.1
961,6,-3,7,none,MOVE,-1,1,-1000,-0.1,0.1
962,6,-2,6,none,MOVE,-1,0,-1000,-0.1,0.0
963,6,-2,7,none,MOVE,-1,1,-1000,-0.1,0.1
964,6,-1,5,none,MOVE,-1,-1,-1000,-0.1,-0.1
965,6,-1,6,none,MOVE,-1,0,-1000,-0.1,0.0
966,6,-1,7,none,MOVE,-1,1,-1000,-0.1,0.1
967,6,0,5,none,MOVE,-1,-1,-1000,-0.1,-0.1
968,6,0,6,none,MOVE,-1,0,-1000,-0.1,0.0
969,6,0,7,none,MOVE,-1,1,-1000,-0.1,0.1
970,6,1,5,none,MOVE,-1,-1,-1000,-0.1,-0.1
971,6,1,6,none,MOVE,-1,0,-1000,-0.1,0.0
972,6,1,7,none,MOVE,-1,1,-1000,-0.1,0.1
973,6,2,5,none,MOVE,-1,-1,-1000,-0.1,-0.1
974,6,2,6,none,MOVE,-1,0,-1000,-0.1,0.0
975,6,3,5,none,MOVE,-1,-1,-1000,-0.1,-0.1
976,6,4,5,none,MOVE,-1,-1,-1000,-0.1,-0.1
977,6,5,5,none,MOVE,-1,-1,-1000,-0.1,-0.1
978,6,6,5,none,MOVE,-1,-1,-1000,-0.1,-0.1
979,6,7,5,none,MOVE,-1,-1,-1000,-0.1,-0.1
980,6,8,5,none,MOVE,-1,-1,-1000,-0.1,-0.1
981,6,9,5,none,MOVE,-1,-1,-1000,-0.1,-0.1
982,6,10,4,none,MOVE,0,-1,-1000,0.0,-0.1
983,6,10,5,none,MOVE,-1,-1,-1000,-0.1,-0.1
984,7,-10,7,none,MOVE,-1,1,-1000,-0.1,0.1
985,7,-9,7,none,MOVE,-1,1,-1000,-0.1,0.1
986,7,-8,7,none,MOVE,-1,1,-1000,-0.1,0.1
987,7,-7,7,none,MOVE,-1,1,-1000,-0.1,0.1
988,7,-6,7,none,MOVE,-1,1,-1000,-0.1,0.1
989,7,-5,7,none,MOVE,-1,1,-1000,-0.1,0.1
990,7,-4,7,none,MOVE,-1,1,-1000,-0.1,0.1
991,7,-3,6,none,MOVE,-1,0,-1000,-0.1,0.0
992,7,-3,7,none,MOVE,-1,1,-1000,-0.1,0.1
993,7,-2,5,none,MOVE,-1,-1,-1000,-0.1,-0.1
994,7,-2,6,none,MOVE,-1,0,-1000,-0.1,0.0
995,7,-2,7,none,MOVE,-1,1,-1000,-0.1,0.1
996,7,-1,5,none,MOVE,-1,-1,-1000,-0.1,-0.1
997,7,-1,6,none,MOVE,-1,0,-1000,-0.1,0.0
998,7,-1,7,none,MOVE,-1,1,-1000,-0.1,0.1
999,7,0,5,none,MOVE,-1,-1,-1000,-0.1,-0.1
1000,7,0,6,none,MOVE,-1,0,-1000,-0.1,0.0
1001,7,0,7,none,MOVE,-1,1,-1000,-0.1,0.1
1002,7,1,5,none,MOVE,-1,-1,-1000,-0.1,-0.1
1003,7,1,6,none,MOVE,-1,0,-1000,-0.1,0.0
1004,7,1,7,none,MOVE,-1,1,-1000,-0.1,0.1
1005,7,2,5,none,MOVE,-1,-1,-1000,-0.1,-0.1
1006,7,2,6,none,MOVE,-1,0,-1000,-0.1,0.0
1007,7,2,7,none,MOVE,-1,1,-1000,-0.1,0.1
1008,7,3,5,none,MOVE,-1,-1,-1000,-0.1,-0.1
1009,7,3,6,none,MOVE,-1,0,-1000,-0.1,0.0
1010,7,4,5,none,MOVE,-1,-1,-1000,-0.1,-0.1
1011,7,5,5,none,MOVE,-1,-1,-1000,-0.1,-0.1
1012,7,6,5,none,MOVE,-1,-1,-1000,-0.1,-0.1
1013,7,7,5,none,MOVE,-1,-1,-1000,-0.1,-0.1
1014,7,8,5,none,MOVE,-1,-1,-1000,-0.1,-0.1
1015,7,9,5,none,MOVE,-1,-1,-1000,-0.1,-0.1
1016,7,10,5,none,MOVE,-1,-1,-1000,-0.1,-0.1
1017,8,-10,7,none,MOVE,-1,1,-1000,-0.1,0.1
1018,8,-9,7,none,MOVE,-1,1,-1000,-0.1,0.1
1019,8,-8,7,none,MOVE,-1,1,-1000,-0.1,0.1
1020,8,-7,7,none,MOVE,-1,1,-1000,-0.1,0.1
1021,8,-6,7,none,MOVE,-1,1,-1000,-0.1,0.1
1022,8,-5,7,none,MOVE,-1,1,-1000,-0.1,0.1
1023,8,-4,6,none,MOVE,-1,0,-1000,-0.1,0.0
1024,8,-4,7,none,MOVE,-1,1,-1000,-0.1,0.1
1025,8,-3,5,none,MOVE,-1,-1,-1000,-0.1,-0.1
1026,8,-3,6,none,MOVE,-1,0,-1000,-0.1,0.0
1027,8,-3,7,none,MOVE,-1,1,-1000,-0.1,0.1
1028,8,-2,5,none,MOVE,-1,-1,-1000,-0.1,-0.1
1029,8,-2,6,none,MOVE,-1,0,-1000,-0.1,0.0
1030,8,-2,7,none,MOVE,-1,1,-1000,-0.1,0.1
1031,8,-1,5,none,MOVE,-1,-1,-1000,-0.1,-0.1
1032,8,-1,6,none,MOVE,-1,0,-1000,-0.1,0.0
1033,8,-1,7,none,MOVE,-1,1,-1000,-0.1,0.1
1034,8,0,5,none,MOVE,-1,-1,-1000,-0.1,-0.1
1035,8,0,6,none,MOVE,-1,0,-1000,-0.1,0.0
1036,8,0,7,none,MOVE,-1,1,-1000,-0.1,0.1
1037,8,1,5,none,MOVE,-1,-1,-1000,-0.1,-0.1
1038,8,1,6,none,MOVE,-1,0,-1000,-0.1,0.0
1039,8,1,7,none,MOVE,-1,1,-1000,-0.1,0.1
1040,8,2,5,none,MOVE,-1,-1,-1000,-0.1,-0.1
1041,8,2,6,none,MOVE,-1,0,-1000,-0.1,0.0
1042,8,2,7,none,MOVE,-1,1,-1000,-0.1,0.1
1043,8,3,5,none,MOVE,-1,-1,-1000,-0.1,-0.1
1044,8,3,6,none,MOVE,-1,0,-1000,-0.1,0.0
1045,8,3,7,none,MOVE,-1,1,-1000,-0.1,0.1
1046,8,4,5,none,MOVE,-1,-1,-1000,-0.1,-0.1
1047,8,4,6,none,MOVE,-1,0,-1000,-0.1,0.0
1048,8,5,5,none,MOVE,-1,-1,-1000,-0.1,-0.1
1049,8,6,5,none,MOVE,-1,-1,-1000,-0.1,-0.1
1050,8,7,5,none,MOVE,-1,-1,-1000,-0.1,-0.1
1051,8,8,5,none,MOVE,-1,-1,-1000,-0.1,-0.1
1052,8,9,5,none,MOVE,-1,-1,-1000,-0.1,-0.1
1053,8,10,5,none,MOVE,-1,-1,-1000,-0.1,-0.1
1054,9,-10,7,none,MOVE,-1,1,-1000,-0.1,0.1
1055,9,-9,7,none,MOVE,-1,1,-1000,-0.1,0.1
1056,9,-8,7,none,MOVE,-1,1,-1000,-0.1,0.1
1057,9,-7,7,none,MOVE,-1,1,-1000,-0.1,0.1
1058,9,-6,7,none,MOVE,-1,1,-1000,-0.1,0.1
1059,9,-5,6,none,MOVE,-1,0,-1000,-0.1,0.0
1060,9,-5,7,none,MOVE,-1,1,-1000,-0.1,0.1
1061,9,-4,5,none,MOVE,-1,-1,-1000,-0.1,-0.1
1062,9,-4,6,none,MOVE,-1,0,-1000,-0.1,0.0
1063,9,-4,7,none,MOVE,-1,1,-1000,-0.1,0.1
1064,9,-3,5,none,MOVE,-1,-1,-1000,-0.1,-0.1
1065,9,-3,6,none,MOVE,-1,0,-1000,-0.1,0.0
1066,9,-3,7,none,MOVE,-1,1,-1000,-0.1,0.1
1067,9,-2,5,none,MOVE,-1,-1,-1000,-0.1,-0.1
1068,9,-2,6,none,MOVE,-1,0,-1000,-0.1,0.0
1069,9,-2,7,none,MOVE,-1,1,-1000,-0.1,0.1
1070,9,-1,5,none,MOVE,-1,-1,-1000,-0.1,-0.1
1071,9,-1,6,none,MOVE,-1,0,-1000,-0.1,0.0
1072,9,-1,7,none,MOVE,-1,1,-1000,-0.1,0.1
1073,9,0,5,none,MOVE,-1,-1,-1000,-0.1,-0.1
1074,9,0,6,none,MOVE,-1,0,-1000,-0.1,0.0
1075,9,0,7,none,MOVE,-1,1,-1000,-0.1,0.1
1076,9,1,5,none,MOVE,-1,-1,-1000,-0.1,-0.1
1077,9,1,6,none,MOVE,-1,0,-1000,-0.1,0.0
1078,9,1,7,none,MOVE,-1,1,-1000,-0.1,0.1
1079,9,2,5,none,MOVE,-1,-1,-1000,-0.1,-0.1
1080,9,2,6,none,MOVE,-1,0,-1000,-0.1,0.0
1081,9,2,7,none,MOVE,-1,1,-1000,-0.1,0.1
1082,9,3,5,none,MOVE,-1,-1,-1000,-0.1,-0.1
1083,9,3,6,none,MOVE,-1,0,-1000,-0.1,0.0
1084,9,3,7,none,MOVE,-1,1,-1000,-0.1,0.1
1085,9,4,5,none,MOVE,-1,-1,-1000,-0.1,-0.1
1086,9,4,6,none,MOVE,-1,0,-1000,-0.1,0.0
1087,9,4,7,none,MOVE,-1,1,-1000,-0.1,0.1
1088,9,5,5,none,MOVE,-1,-1,-1000,-0.1,-0.1
1089,9,5,6,none,MOVE,-1,0,-1000,-0.1,0.0
1090,9,6,5,none,MOVE,-1,-1,-1000,-0.1,-0.1
1091,9,7,5,none,MOVE,-1,-1,-1000,-0.1,-0.1
1092,9,8,5,none,MOVE,-1,-1,-1000,-0.1,-0.1
1093,9,9,5,none,MOVE,-1,-1,-1000,-0.1,-0.1
1094,9,10,5,none,MOVE,-1,-1,-1000,-0.1,-0.1
1095,10,-10,7,none,MOVE,-1,1,-1000,-0.1,0.1
1096,10,-9,7,none,MOVE,-1,1,-1000,-0.1,0.1
1097,10,-8,7,none,MOVE,-1,1,-1000,-0.1,0.1
1098,10,-7,7,none,MOVE,-1,1,-1000,-0.1,0.1
1099,10,-6,6,none,MOVE,-1,0,-1000,-0.1,0.0
1100,10,-6,7,none,MOVE,-1,1,-1000,-0.1,0.1
1101,10,-5,5,none,MOVE,-1,-1,-1000,-0.1,-0.1
1102,10,-5,6,none,MOVE,-1,0,-1000,-0.1,0.0
1103,10,-5,7,none,MOVE,-1,1,-1000,-0.1,0.1
1104,10,-4,5,none,MOVE,-1,-1,-1000,-0.1,-0.1
1105,10,-4,6,none,MOVE,-1,0,-1000,-0.1,0.0
1106,10,-4,7,none,MOVE,-1,1,-1000,-0.1,0.1
1107,10,-3,5,none,MOVE,-1,-1,-1000,-0.1,-0.1
1108,10,-3,6,none,MOVE,-1,0,-1000,-0.1,0.0
1109,10,-3,7,none,MOVE,-1,1,-1000,-0.1,0.1
1110,10,-2,5,none,MOVE,-1,-1,-1000,-0.1,-0.1
1111,10,-2,6,none,MOVE,-1,0,-1000,-0.1,0.0
1112,10,-2,7,none,MOVE,-1,1,-1000,-0.1,0.1
1113,10,-1,5,none,MOVE,-1,-1,-1000,-0.1,-0.1
1114,10,-1,6,none,MOVE,-1,0,-1000,-0.1,0.0
1115,10,-1,7,none,MOVE,-1,1,-1000,-0.1,0.1
1116,10,0,5,none,MOVE,-1,-1,-1000,-0.1,-0.1
1117,10,0,6,none,MOVE,-1,0,-1000,-0.1,0.0
1118,10,0,7,none,MOVE,-1,1,-1000,-0.1,0.1
1119,10,1,5,none,MOVE,-1,-1,-1000,-0.1,-0.1
1120,10,1,6,none,MOVE,-1,0,-1000,-0.1,0.0
1121,10,1,7,none,MOVE,-1,1,-1000,-0.1,0.1
1122,10,2,5,none,MOVE,-1,-1,-1000,-0.1,-0.1
1123,10,2,6,none,MOVE,-1,0,-1000,-0.1,0.0
1124,10,2,7,none,MOVE,-1,1,-1000,-0.1,0.1
1125,10,3,5,none,MOVE,-1,-1,-1000,-0.1,-0.1
1126,10,3,6,none,MOVE,-1,0,-1000,-0.1,0.0
1127,10,3,7,none,MOVE,-1,1,-1000,-0.1,0.1
1128,10,4,5,none,MOVE,-1,-1,-1000,-0.1,-0.1
1129,10,4,6,none,MOVE,-1,0,-1000,-0.1,0.0
1130,10,4,7,none,MOVE,-1,1,-1000,-0.1,0.1
1131,10,5,5,none,MOVE,-1,-1,-1000,-0.1,-0.1
1132,10,5,6,none,MOVE,-1,0,-1000,-0.1,0.0
1133,10,5,7,none,MOVE,-1,1,-1000,-0.1,0.1
1134,10,6,5,none,MOVE,-1,-1,-1000,-0.1,-0.1
1135,10,6,6,none,MOVE,-1,0,-1000,-0.1,0.0
1136,10,7,5,none,MOVE,-1,-1,-1000,-0.1,-0.1
1137,10,8,5,none,MOVE,-1,-1,-1000,-0.1,-0.1
1138,10,9,5,none,MOVE,-1,-1,-1000,-0.1,-0.1
1139,10,10,5,none,MOVE,-1,-1,-1000,-0.1,-0.1
